movie_title,movie_year,movie_rating,sex_nudity,violence_gore,language,movie_description
Face/Off , 1997 , R ,3,9,8,"Nicolas Cage and John Travolta are terrorist and law officer, respectively, and they switch identities."
The Faculty , 1998 , R ,5,9,9,"Led by Elijah Wood and Josh Harnett, a group of high-school students battles a rapidly replicating alien that has infested the minds and bodies of the school's faculty. With Bebe Neuwirth, Famke Jensson, Salma Hayek, Robert Patrick, Piper Laurie, Daniel Von Bargen, Shawn Hatosy, Clea DuVall, Jordana Brewster and Laura Harris."
Fade to Black , 2004 , R ,4,1,10,"A documentary looking at hip-hop artist Shawn Carter's (aka Jay-Z) rise to fame and his performance at Madison Square Garden to a sell-out crowd in November 2003. A year later, fans and artists reflect on the musical night, which was the first time a hip-hop artist sold out an arena in only two hours. Also with Beyonce Knowles, Foxy Brown, Mary J. Blige and Damon Dash. Directed by Patrick Paulson & Michael John Warren. [1:46]"
Fahrenheit 9/11 , 2004 , R ,4,8,5,"Political documentary by Michael Moore, which examines connections between President Bush's family and the Saudi royal family, and argues that because of these connections the administration did not pursue connections between Al Qaeda and the Saudis, but instead used the 9/11 terrorist attacks on New York and Washington, D.C. to launch a war against Iraq. It also argues that the U.S.A. Patriot Act infringes on basic civil rights. The feature became controversial when the Disney company refused to release it, and it won the Palme d'Or at the 2004 Cannes Film Festival. [1:56]"
Failure to Launch , 2006 , PG-13 ,6,4,5,"Matthew McConaughey stars as a 35-year-old man still living at home and completely content in doing so. However, his parents (Kathy Bates and Terry Bradshaw) are anxious to get him out on his own and hire an interventionist (Sarah Jessica Parker) to help him along. But what sounds good in theory, complicates the situation when they begin to care for each other. Also with Zooey Deschanel, Justin Bartha and Bradley Cooper. Directed by Tom Dey. [1:37]"
Fair Game , 1995 , R ,5,6,7,Cindy Crawford is an attorney in trouble and William Baldwin is the cop who protects her.
Fair Game , 2010 , PG-13 ,3,4,5,"Based on the true story of CIA operative Varlerie Plame (Naomi Watts) whose identity was revealed by White House officials in an attempt to discredit her husband, former Ambassador Joe Wilson (Sean Penn), after he argued in a 2003 New York Times op-ed piece that Iraq did not have the means to create WMD. Also with Jessica Hecht, Ty Burrell, Brooke Smith and David Andrews. Directed by Doug Liman. [1:48]"
Fairy Tale: A True Story , 1997 , PG ,0,2,2,Two girls in WWI England take photos of presumably fake fairies.
Faithful , 1996 , R ,4,4,8,Hitman Chazz Palminteri is supposedly hired by philandering hubby Ryan O'Neal to kill his faithful wife played by Cher.
Fallen , 1998 , R ,2,6,7,Denzel Washington stars in this supernatural thriller.
Falling Down , 1993 , R ,1,6,8,"Michael Douglas stars as a laid-off defense worker who flips his lid over everyday frustrations. He becomes an urban vigilante and goes on a rampage, while Robert Duvall is the policeman who's trying to track him down."
Falling From Grace , 1992 , PG-13 ,2,2,2,"Rocker John Mellencamp directs ""Falling from Grace,"" and stars as a young, successful country musician who returns home not sure of who he is or where he belongs."
Fame , 2009 , PG ,4,2,4,"This remake of the 1980 film and subsequent TV series follows the stories of victory and sorrow in the lives of a group of teens who hope to eventually star on Broadway and television. The principal (Debbie Allen) of the New York City High School for the Performing Arts provides a guiding hand with the help of teachers (Kelsey Grammer and Bebe Neuwirth) while competition is keen in both the arts and love. Also with Megan Mullally, Charles S. Dutton, Paul Iacono, Naturi Naughton, Kherington Payne, Anna Maria Perez de Tagle, Paul McGill, Asher Book and Kristy Flores. Directed by Kevin Tancharoen. [1:47]"
The Family , 2013 , R ,6,7,8,"A Mafia boss (Robert De Niro) and his family (Michelle Pfeiffer, Dianna Agron and John D'Leo) are placed in the witness protection program and relocated to a small town in France. But their assigned special agent (Tommy Lee Jones) has his hands full as he follows up on the family that keeps reverting to old habits. Real trouble ensues as the family attracts the attention of the Mafia. Also with Domenick Lombardozzi. Directed by Luc Besson. [1:51]"
The Family Fang , 2016 , R ,3,5,5,"The members of an eccentric, dysfunctional family of performance artists are estranged from each other, until reunited after an accident and the parents (Chrstopher Walken and Maryann Plunkett) try to convince the children (Nicole Kidman and Jason Bateman) to participate in another performance. Also with Kathryn Hahn, Marin Ireland, Harris Yulin, Eugenia Kuzmina, Jason Butler Harner and Linda Emond. Directed by Jason Bateman. [1:45]"
The Family Man , 2000 , PG-13 ,4,3,5,"On Christmas Eve, a wealthy and single workaholic (Nicolas Cage) is transported into an alternate life: the middle-class existence he would have if he'd married his college girlfriend (Téa Leoni). Also with Jeremy Piven, Don Cheadle, Troy Hall, Harve Presnell, Saul Rubinek, Josef Sommer, Peter Lassiter, Paul Sorvino, Lisa Thornhill and Francine York. [2:02]"
The Family Stone , 2005 , PG-13 ,4,3,4,"Diane Keaton stars as the matriarch of the rather laidback Stone family, which is gathering in its New England home for the holidays. As they arrive, they are all anticipating that the eldest son will be bringing his girlfriend along, and will be asking her to marry him. The get-together does not go smoothly: cultures and personalities clash and everyone is forced to re-evaluate their motivations. Also with Dermot Mulroney, Sarah Jessica Parker, Claire Danes and Rachel McAdams. Directed by Thomas Bezucha. [1:42]"
A Family Thing , 1996 , PG-13 ,0,4,5,Robert Duvall discovers he has a brother who's black -- James Earl Jones.
The Family Tree , 2011 , R ,7,6,10,"A wife and mother (Hope Davis) suffers an injury that leaves her with memory loss, which actually allows her to rebuild her family into the harmonious and happy group that she did not have before her accident. Also with Christina Hendricks, Gabrielle Anwar, Madeline Zima, Bow Wow and Selma Blair. Directed by Vivi Friedman. [1:27]"
The Fan , 1996 , R ,1,5,9,Robert De Niro stalks baseball star Wesley Snipes.
Fantasia 2000 , 2000 , G ,1,3,0,"New images and music update this 1940 Disney film that sets classical music to animated sequences. Segments are introduced by Steve Martin, Bette Midler, James Levine, Itzhak Perlman, James Earl Jones, Angela Lansbury, Quincy Jones and Penn & Teller; the music is played by the Chicago Symphony Orchestra. [1:15]"
Fantastic Beasts and Where to Find Them , 2016 , PG-13 ,2,4,2,"A British wizard (Eddie Redmayne) comes to America to seek out magical beasts and catalogue them into a textbook that will teach wizards to protect the animals. While doing so, he must confront bureaucrats, a society for the destruction of witches, and an evil sorcerer (Colin Farrell). Also with Katherine Waterston, Dan Fogler, Alison Sudol, Ezra Miller, Samantha Morton, Jon Voight, Carmen Ejogo and Johnny Depp. Directed by David Yates. [2:13]"
Fantastic Four , 2005 , PG-13 ,4,5,3,"The film introduces Marvel's longest running comic book series about a super powered group of four scientists: After traveling to a space station to run experiments during a unique space storm, the scientists are exposed to radiation that leaves them with strange abilities and powers: Reed Richards (Mr. Fantastic) can stretch his body; Susan Storm (Invisible Woman) can become invisible and make other objects invisible too; Johnny Storm (Human Torch) can shoot fire from his finger tips and bend flames; and Ben Grimm (The Thing) has superhuman strength. Together they fight the evil Doctor Doom. With Ioan Gruffudd, Jessica Alba, Michael Chiklis, Chris Evans and Julian McMahon. Directed by Tim Story. [2:03]"
Fantastic Four , 2015 , PG-13 ,1,6,4,"While testing a teleportation device four colleagues find themselves in another dimension only to return with special abilities that they struggle to control. They must also each decide how to put these new powers to good use. With Miles Teller, Michael B. Jordan, Kate Mara, Jamie Bell, Toby Kebbell, Reg E. Cathey and Tim Blake Nelson. Directed by Josh Trank. [1:40]"
Fantastic Four: Rise of the Silver Surfer , 2007 , PG ,3,4,3,"The second installment in the series begins with Reed Richards (Ioan Gruffudd) and Sue Storm (Jessica Alba) planning their wedding ceremony, when a mysterious figure, The Silver Surfer, starts showing up on different parts of the planet, creating huge craters and wreaking havoc with the environment. As The Fantastic Four try to understand what's going on, their old nemesis, Dr. Doom, shows up and this time he's working with the U.S. Army. Also with Chris Evans, Michael Chiklis and Julian McMahon. Directed by Tim Story. [1:32]"
Fantastic Mr. Fox , 2009 , PG ,1,4,3,"Animated feature about Mr. Fox (George Clooney), who's well known for his incomparable chicken catching skills but promises his wife (Meryl Streep) he'll give it up and become a newspaper man. After some time passes, he is frustrated and longs for adventure, so with the help of his opossum friend (Wallace Wolodarsky) begins to plan one last, big catch. Also with the voices of Jason Schwartzman, Bill Murray, Michael Gambon, Willem Dafoe and Owen Wilson. Directed by Wes Anderson. [1:28]"
Far and Away , 1992 , PG-13 ,3,3,1,"Culled from the ancestral memories of director Ron Howard, the film tells the story of a poor Irish boy with a mean punch (Tom Cruise) and a rich Irish girl with a mean temper (Nicole Kidman), who arrive in Boston during the early 1800's and join the Oklahoma land rush."
Far From Heaven , 2002 , PG-13 ,4,4,5,"Drama set in the Connecticut suburbia in 1957. Julianne Moore stars as a homemaker, wife and mother, leading a comfortable, well-ordered life, and primarily concerned with carefully-ordered family etiquette and social events. Her life changes drastically when her husband (Dennis Quaid) reveals he's gay. Also with Dennis Haysbert, Patricia Clarkson and Viola Davis. [1:46]"
Far From Home: The Adventures of Yellow Dog , 1995 , PG ,0,3,1,"A boy, a dog, a loving family, an adventure and a little innocent romance."
Far From the Madding Crowd , 2015 , PG-13 ,5,4,2,"Based on the Victorian classic by Thomas Hardy, an independent woman (Carey Mulligan) inherits a farm and attracts three suitors: One is a sheepherder (Matthias Schoenaerts), another is an army sergeant (Tom Sturridge), and the last a rich older man (Michael Sheen). The woman suffers difficulties in choosing from among the three, as she attempts to manage her farm and livestock. Also with Juno Temple. Directed by Thomas Vinterberg. [2:00]"
Fargo , 1996 , R ,5,7,8,A man hires thugs to kidnap his wife in order to get ransom money from his wealthy father-in-law; but things go horribly wrong.
A Far Off Place , 1993 , PG ,0,4,3,"Environmental story taking place in Africa, about two teenagers crossing the Kalihari desert on foot, while trying to avoid ivory poachers."
Fast & Furious , 2009 , PG-13 ,5,6,5,"Vin Diesel and Paul Walker reprise their roles from the almost eponymous 2001 film: The former is still involved in truck hijackings and the latter is now an F.B.I agent. Their paths cross again when they have a common target, an elusive drug kingpin hiding in Mexico. Also with Gal Gadot, Jordana Brewster, Mirtha Michelle, Liza LaPira, Michelle Rodriguez, Jack Conley and Shea Whigham. Directed by Justin Lin. [1:39]"
Fast & Furious 6 , 2013 , PG-13 ,4,6,5,"A government agent (Dwayne Johnson) persuades a criminal (Vin Diesel) and a team of auto specialists to bring in a former Special Ops agent (Luke Evans), who leads a cadre of advanced war-vehicle jockeys in crime. In a bid to escape the new team, his group causes chaos and a big surprise is uncovered. Also with Paul Walker, Gina Carano, Ludacris and Michelle Rodriguez. Directed by Justin Lin. [2:10]"
The Fast and the Furious , 2001 , PG-13 ,4,5,6,"Paul Walker stars as a rookie cop who poses as a racing team member in order to investigate a series of truck hijackings. Initially, he manages to ingratiate himself with the team's leader (Vin Diesel) but soon finds himself in danger as some racing team members begin to suspect him as an impostor. Also with Michelle Rodriguez, Jordana Brewster, Rick Yune, Mike White, Beau Holden, Thom Barry, Reggie Lee, Ted Levine, Chad Lindberg, Vyto Ruginis, Ja Rule, Matt Schulze and Johnny Strong. [1:47]"
The Fast and the Furious: Tokyo Drift , 2006 , PG-13 ,5,6,5,"To avoid going to jail, a young man (Lucas Black) is sent to live with an estranged relative who's in the military and stationed in Tokyo, Japan. It is there that he discovers drift racing, a deadly combination of high speed, hairpin turns and switchbacks. As if illegal street racing is not dangerous enough, Sean inadvertently also takes on a driver with ties to the Yakuza, the Japanese crime organization. Also with Shad 'Bow Wow' Gregory Moss, Sung Kang, Brian Tee and Jason Tobin. Directed by Justin Lin. [1:44]"
Faster , 2010 , R ,4,8,5,"After an ex-con (Dwayne Johnson) gets out of jail, he sets out to avenge his brother's death by killing the men that double-crossed them during a heist. As he starts his multi-state killing spree, a veteran cop (Billy Bob Thornton) and an egomaniac hit man follow him. Also with Mike Epps, Carla Gugino and Maggie Grace. Directed by George Tillman, Jr. [1:38]"
Fast Five , 2011 , PG-13 ,4,7,5,"The fifth installment in the ""The Fast and the Furious"" series has a man (Vin Diesel) escaping from prison with the help of his sister (Jordana Brewster) and her boyfriend, a former undercover CIA agent (Paul Walker). They head to Brazil to find freedom, but get wrapped up in a heist that finds them and their crew caught between a ruthless drug lord (Joaquim De Almeida) and a relentless federal agent (Dwayne Johnson). Also with Tyrese Gibson, Chris ""Ludacris"" Bridges, Matt Schulze, Sung Kang and Gal Gadot. Directed by Justin Lin. [2:10]"
Fast Food Nation , 2006 , R ,8,7,9,"A man (Greg Kinnear) working for a fast food chain is assigned the task of uncovering the truth about why the meat they use is testing so high with fecal content. While investigating he finds untrained illegal immigrants working in the meat packing plant, he meets a rancher (Kris Kristoffersen) who knows what goes on in the plant, and meets the man (Bruce Willis) responsible for the unbeatable deal the plant and the restaurant have struck. Inspired by Eric Schlosser's bestselling nonfiction exposé of fast food companies. Also with Catalina Sandino Moreno, Wilmer Valderrama, Ana Claudia Talancon, and Bobby Cannavale. Directed by Richard Linklater. [1:46]"
Fat Albert , 2004 , PG ,3,2,2,"Live-action adaptation of the popular animated CBS TV animated series, ""Fat Albert and the Cosby Kids"": Fat Albert and the junkyard boys come out of the television when they hear a girl crying and are convinced that they can help solve her problems. The complication is that they have to get back to their television show before they fade away completely. The movie is based on Bill Cosby's stand-up comedy monologues about his childhood. With Kenan Thompson, Dania Ramirez, Shedrack Anderson III, Aaron Frazier and Omari Grandberry. Directed by Joel Zwick. [1:40]"
Fatal Instinct , 1993 , PG-13 ,3,3,2,"Spoof of ""Basic Instinct,"" ""Fatal Attraction,"" and other sexual thrillers, with Armand Assante as a combination cop/defense attorney who has a knack for defending the same criminals he arrests. Sean Young co-stars."
Fateless  , 2005 , R ,5,6,5,"Based on Nobel laureate Imre Kertesz's 1975 semi-autobiographical novel ""Sorstalansag,"" about the fate of Hungarian Jews during the Holocaust: A 14-year-old Jewish boy from Budapest sees his world and his affluent family disintegrate, and he eventually finds himself in a labor camp. With Marcell Nagy, Aron Dimeny, Andras M. Kecskes, Jozsef Gyabronka, Endre Harkanyi and Daniel Craig. Directed by Lajos Koltai. In Hungarian and German with English subtitles. [2:14]"
The Fate of the Furious , 2017 , PG-13 ,4,6,5,"The team from the first 7 installments returns to battle cyber terror and are tested to their limits when they find themselves in a battle against one of their own. With Vin Diesel, Jason Statham, Dwayne Johnson, Michelle Rodriguez, Tyrese Gibson, Ludacris, Charlize Theron, Kurt Russell, Nathalie Emmanuel, Luke Evans, Elsa Pataky, Kristofer Hivju and Scott Eastwood. A few lines of dialogue are in Spanish and Russian with English subtitles. Directed by F. Gary Gray. [2:16]"
Father Figures , 2017 , R ,5,5,10,"A woman (Glen Close) tells her adult sons (Ed Helms and Owen Wilson) that she does not know who their father is, so they plan a road trip to interview men that she has known in her past. Disappointed at every turn, they arrive back home and make some surprising discoveries. Also with Terry Bradshaw, Ving Rhames, J.K. Simmons, Katt Williams and Christopher Walken. Directed by Lawrence Sher. [1:50]"
Father Hood , 1993 , PG-13 ,1,4,2,Patrick Swayze stars as a two-bit hood who takes his two kids out of a brutal home for juveniles and runs away.
Father of the Bride , 1991 , PG ,2,1,1,"Steve Martin has trouble accepting the fact that his daughter is grown-up enough to get married in this bittersweet comedy. Also with Diane Keaton, Martin Short, Kimberly Williams, George Newbern, Kieran Culkin, B.D. Wong, Peter Michael Goetz and Kate McGregor-Stewart."
Father of the Bride: Part II , 1995 , PG ,2,1,2,"Steve Martin's daughter and wife are expectant mothers in this sequel. Also with Diane Keaton, Kimberly Williams, Martin Short, George Newbern, Kieran Culkin, B.D. Wong, Peter Michael Goetz, Kate McGregor-Stewart, Jane Adams and Eugene Levy. [1:46]"
Fathers' Day , 1997 , PG-13 ,3,3,3,Billy Crystal and Robin Williams are putative fathers tracking down their son.
The Fault in Our Stars , 2014 , PG-13 ,4,4,5,"Two teenagers with cancer (Shailene Woodley and Ansel Elgort) are witty and nonconformist, and fall in love while attending their cancer support group: She carries an oxygen tank and he jokes about his prosthetic leg through a series of illnesses and adventures. Also with Willem Dafoe, Nat Wolff, Sam Trammell and Laura Dern. Directed by Josh Boone. [2:05]"
The Favor , 1994 , R ,3,2,3,"Sex farce about a woman (Harley Jane Kozak) wondering, after 15 years, whether she still has a thing for her high school sweetheart."
Fear , 1996 , R ,6,8,8,Reese Witherspoon endangers herself and her family when she begins a relationship with psycho Mark Wahlberg.
fear dot com , 2002 , R ,5,8,6,"A series of mysterious deaths arouse the suspicion of a police detective (Stephen Dorff) and a health examiner (Natascha McElhone) and they begin to wonder whether the victims' cause of death had something to do with visits to a website called Feardotcom.com. Also with Udo Kier, Stephen Rea and Gesine Cukrowski. [1:38]"
Fearless , 1993 , R ,0,6,5,"Jeff Bridges stars as a plane crash survivor who's unable to comprehend how he could have survived. His singular experience takes away any sense of normalcy, not only from him, but from his family and friends."
Fear of a Black Hat , 1994 , R ,3,3,10,"A parody of rap conventions, this release follows the career of a rap group, NWH (Niggaz With Hats), much as ""This Is Spinal Tap"" documented the ups and downs of a rock group."
Feast , 2006 , R ,7,10,10,"The winning film from the ""Project Greenlight,"" which was created by Matt Damon, Ben Affleck and Chris Moore: A group of people in a bar in a desert are attacked by predatory, alien-looking creatures that are very cranky and very hungry. These creatures appear large and animal-like, with legs like dogs, heads like monkeys but with pronounced razor sharp teeth, and large, sharp claws; they wear the pelts and skulls of other animals and they growl, roar and squeal like pigs. With Jason Mewes, Henry Rollins, Krista Allen, Balthazar Getty and Navi Rawat. Directed by John Gulager. [1:35]"
Feast of Love , 2007 , R ,8,6,6,"When a man's (Greg Kinnear) wife (Selma Blair) leaves him for another woman he is thrown into emotional turmoil. He recovers, or so he thinks, when he meets another woman (Radha Mitchell) and after a whirlwind affair they marry, only to divorce because she is unable to break off a love affair with another man (Billy Burke). Morgan Freeman is in the wings, watching and predicting each development, while not participating or advising. Also with Jane Alexander and Alexa Davalos. Directed by Robert Benton. [1:42]"
Feeling Minnesota , 1996 , R ,6,7,8,Keanu Reeves stars as a man who falls for his brother's wife (Cameron Diaz) on her wedding day.
Feel the Noise , 2007 , PG-13 ,6,4,5,"An aspiring Harlem rapper is arrested for theft, and ends up being sent to Puerto Rico to stay with his father, whom he doesn't know. Inspired by Reggaetón, a blend of hip-hop, reggae and Latin beats, he realizes his dream of making his own music. With Omari Grandberry, Giancarlo Esposito, Victor Rasuk, Charles Duckworth and James McCaffrey. Directed by Alejandro Chomski. [1:26]"
Felicia's Journey , 1999 , PG-13 ,2,3,2,"Bob Hoskins plays a psychopathic catering manager who befriends a pregnant, homeless teen (Elaine Cassidy) in this thriller. Also with Claire Benedict, Brid Brennan, Sidney Cole, Kriss Dosanjh, Nizwar Karanj, Arsinée Khanjian, Peter McDonald, Gerard McSorley, Sheila Reed, Danny Turner and Ali Yassine. [1:56]"
Femme Fatale , 2002 , R ,9,7,7,"Brian De Palma directs this thriller about a bisexual jewel thief (Romijn-Stamos) who double-crosses her partners in crime and runs off with the loot after a robbery. Years later, she's the respectable wife of an ambassador, but her jilted accomplices recognize her and they want revenge. Antonio Banderas co-stars as a down-on-his-luck paparazzo. Also with Peter Coyote, Gregg Henry and Rie Rasmussen. [1:50]"
Fences , 2016 , PG-13 ,2,3,4,"Drama set in the 1950s about a man (Denzel Washington) who was a baseball star but now works as a garbage collector in Pittsburgh, and struggles to raise his son and keep his family together despite racism and other self-imposed obstacles. Also with Viola Davis, Mykelti Williamson, Theresa Cook, Jovan Adepo, Stephen Henderson, Russell Hornsby and Saniyya Sidney. Directed by Denzel Washington. [2:18]"
Ferdinand , 2017 , PG ,1,3,2,"A young bull living on a ranch with his father is trained to become a fighting bull, despite the fact that he doesn't like to fight. When his father is killed by a matador in the ring, the young bull runs away and is taken in by a flower farmer and his young daughter as a pet. When he grows up to be huge and muscular (voiced by John Cena) he's taken away and forced to face his fears. Also with the voices of Kate McKinnon, Bobby Cannavale, Raúl Esparza, Jerrod Carmichael, Julia Scarpa Saldanha, Lily Day, Anthony Anderson, Peyton Manning, David Tennant, Tim Nordquist, Gina Rodriguez, Daveed Diggs, Gabriel Iglesias, Flula Borg, Sally Phillips and Boris Kodjoe. Directed by Carlos Saldanha. [1:46]"
Ferngully: The Last Rainforest , 1992 , G ,0,1,0,"In this animated tale, Crysta, a blue-eyed fairy, shrinks Zak, a human logger, to fairy size when a tree falls in his direction. She then introduces him to the magic of the rainforest and opens his eyes to the threats posed by humans and the evil spirit Hexxus. In their own way, each helps save FernGully from destruction."
Fever Pitch , 2005 , PG-13 ,4,3,4,"Romantic comedy with Drew Barrymore as a successful financial analyst who's having trouble finding men who are interesting enough to be date-worthy. When she falls in love with a high school teacher and baseball fanatic (Jimmy Fallon) she quickly realizes that she may have found her life partner despite the fact that he doesn't have a high-powered career. That is, until the baseball season begins and she has to compete with his first true love, which is the Boston Red Sox. Also with Lenny Clarke, Jack Kehler and James B. Sikking. Directed by Bobby & Peter Farrelly. [1:41]"
A Few Good Men , 1992 , R ,3,3,7,"Court-room drama with Tom Cruise, as a wise-cracking Navy lawyer who has never seen the inside of a courtroom, and Demi Moore as a Navy Internal Affairs investigator, who are pitted against Kevin Bacon, as the Marine prosecutor and Jack Nicholson, as a contemptible Marine colonel."
Fierce Creatures , 1997 , PG-13 ,4,4,5,"The stars of ""A Fish Called Wanda"" are back again and this time they are running a zoo."
Fifteen Minutes , 2001 , R ,6,9,10,"A celebrated NY detective (Robert De Niro) and an obscure NY fire marshal (Edward Burns) join forces to track down two killers who videotape their brutal crimes. Also with Vera Farmiga, Kelsey Grammer, Melina Kanakaredes, Tygh Runyan, Avery Brooks, Karel Roden, Oleg Taktarov and Charlize Theron. [1:59]"
The 15:17 to Paris , 2018 , PG-13 ,2,5,5,"A recounting of the real-life August 2015 incident when three young Americans thwarted a terrorist attack on a train bound for Paris. Their story traces their childhood friendship until they find themselves on the fateful train and the three men (Spencer Stone, Alek Skarlatos and Anthony Sadler) play themselves as they reenact the attack. Also with Ray Corasani, Judy Greer, Jenna Fischer, Irene White, William Jennings, Bryce Gheisar, Stephen Matthew Smith, P.J. Byrne and Paul-Mikél Williams. Directed by Clint Eastwood. [1:34]"
The Fifth Element , 1997 , PG-13 ,4,6,3,Bruce Willis stars in the sci-fi adventure set in the 23rd century.
The Fifth Estate , 2013 , R ,3,5,5,"By creating WikiLeaks Julian Assange (Benedict Cumberbatch) and his colleague Daniel Domscheit-Berg (Daniel Brühl) aimed to become government watchdogs, developing a website that would allow whistleblowers to safely leak covert data from governments and corporations. Also with Anthony Mackie, David Thewlis, Alicia Vikander, Stanley Tucci and Laura Linney. Directed by Bill Condon. The film includes English subtitles for computer and text messages and for foreign languages. [2:08]"
The 5th Wave , 2016 , PG-13 ,2,6,5,"Alien attacks annihilate most of Earth in a torrent of earthquakes, tsunamis and epidemic diseases. Cut off from family, an Ohio teen (Chloë Grace Moretz) is determined to find her five-year-old brother (Zackary Arthur) and she allies herself with a young man who has useful skills (Alex Roe). Also with Liv Schreiber, Nick Robinson, Ron Livingston, Maika Monroe, Maria Bello and Maggie Siff. Directed by J. Blakeson. [1:46]"
50/50 , 2011 , R ,6,4,10,"The story of a 27-year old man (Joseph Gordon-Levitt) that was diagnosed with cancer and his struggle to accept his circumstances with the help of his friend (Seth Rogen), his overprotective mother (Anjelica Huston) and his therapist (Anna Kendrick). Also with Phillip Baker Hall and Bryce Dallas Howard. Directed by Jonathan Levine. [1:39]"
50 First Dates , 2004 , PG-13 ,5,4,4,"Adam Sandler plays a veterinarian working in a Hawaii aquarium, who is so afraid of commitment that he concentrates on having affairs with tourists, since he knows he will probably never see them again. One day he meets a local high school art teacher (Drew Barrymore) who suffers from short-term memory loss and he finally falls in love and is ready to make a commitment. There's a complication however: Since she can no longer form new memories and never remembers who he is, he has to make her fall in love with him every day. Also with Sean Astin, Missi Pyle and Rob Schneider. Directed by Peter Segal. [1:46]"
54 , 1998 , R ,6,1,7,"A look back at the glory days of the New York disco Studio 54. Starring Mike Myers, Ryan Phillippe, Salma Hayek, Neve Campbell, Sela Ward, Breckin Meyer, Sherry Stringfield, Heather Matarazzo and Ellen Albertini Dow."
Fifty Shades Darker , 2017 , R ,10,4,5,"The follow-up to the steamy romance between a wealthy man (Jamie Dornan) with a dark past and a woman (Dakota Johnson) trying to figure out the pieces to the puzzle of his heart. Also with Eric Johnson, Eloise Mumford, Bella Heathcote, Rita Ora, Luke Grimes, Victor Rasuk, Max Martini, Bruce Altman, Kim Basinger and Marcia Gay Harden. Directed by James Foley. [1:58]"
Fifty Shades Freed , 2018 , R ,10,4,5,"In this sequel the new Mr. and Mrs. Grey (Jamie Dorman and Dakota Johnson) struggle to reconcile the gaps in their financial and cultural backgrounds while they fight the unwelcome ghosts of their past and engage in explicit sexual activity. Also with Eric Johnson, Arielle Kebbel, Luke Grimes, Eloise Mumford, Rita Ora and Marcia Gay Harden. Directed by James Foley. [1:45]"
Fifty Shades of Black , 2016 , R ,10,5,10,"In this parody of ""Fifty Shades of Grey"" an inexperienced college student (Kali Hawk) meets a shady businessman (Marlon Wayans) whose sexual practices lead the couple to constant arguments. Also with Jane Seymour, Fred Willard, Affion Crockett and Mike Epps. Directed by Michael Tiddes. [1:32]"
Fifty Shades of Grey , 2015 , R ,10,5,5,"An obsessive billionaire (Jamie Dornan) teaches a naïve college senior (Dakota Johnson) about sadomasochism and demands a behavioral contract that rules out love and romance. The couple examines their own needs and desires within a tenuous relationship, among pressures from family and friends. Also with Eloise Mumford, Luke Grimes, Rita Ora, Victor Rasuk, Marcia Gay Hardin, Max Martini, Jennifer Ehle and Dylan Neal. Directed by Sam Taylor-Wood. [2:00]"
Fight Club , 1999 , R ,7,10,10,"Brad Pitt and Edward Norton create a bare-fisted boxing club that evolves into a cult-like organization. Also with Helena Bonham Carter, Meat Loaf, Jared Leto, Zach Grenier, Eion Bailey, Ezra Buzzington, Richmond Arquette, Joel Bissonnette, Stuart Blumberg, Peter Iacangelo, Joon B. Kim, Holt McCallany, Evan Mirand and Rachel Singer. [2:19]"
The Fighter , 2010 , R ,6,7,10,"Based on a true story about a boxer (Mark Wahlberg) from Lowell, Massachusetts, whose chances at success were nearly squandered by his mother (Melissa Leo) and crack-addicted older brother (Christian Bale). Also with Amy Adams and Jack McGee. Directed by David O. Russell. [1:54]"
Fighting , 2009 , PG-13 ,5,5,5,"A man (Channing Tatum) who is hard on his luck is trying to make money any way he can. After being robbed while peddling stuff on the street, he fights the thieves and a man who's been watching (Terrence Howard) is convinced that he can be his meal ticket as a fighter. Also with Zulay Henaom, Michael Rivera, Flaco Navaja, Peter Tambakis and Luis Guzman. Directed by Dito Montiel. [1:45]"
The Fighting Temptations , 2003 , PG-13 ,5,2,4,"Cultures clash when a slick and urbane urbanite (Cuba Gooding, Jr.), travels from New York City to his small and rural Georgia hometown to claim the inheritance a great-aunt left him. But there's one condition he must first fulfill: he has to put together a successful gospel choir, in a town not noted for musicality. A nightclub singer with a wondrous voice enters the scene (Beyonce Knowles) but she's shunned by the congregation who assume her virtue is questionable. Also with Mike Epps, Faith Evans and Steve Harvey. Directed by Jonathan Lynn. [2:03]"
Final Destination , 2000 , R ,5,8,10,"A teen who saves himself and his friends from dying in an airplane crash realizes that the Grim Reaper is killing them off one by one in freak accidents. With Devon Sawa, Kristen Cloke, Amanda Detmer, Chad Donella, Brendan Fehr, Ali Larter, Seann William Scott, Daniel Roebuck, Kerr Smith, Tony Todd, Barbara Tyson, Kristina Matisic and Troy Yorke. [1:30]"
The Final Destination , 2009 , R ,7,10,5,"A man (Bobby Campo) sitting in the audience at a car racetrack has a vision, seeing many of the people seated around him dying in gruesome ways. Moments later his vision comes true, but he is able to save is friends and a few other people nearby. Soon, however, the people who survived begin dying in horrible accidents. Also with Shantel VanSanten, Nick Zano, Haley Webb, Mykelti Williamson, Krista Allen, Andrew Fiscella, Justin Welborn, Stephanie Honore and Lara Grice. Directed by David R. Ellis. [1:22]"
Final Destination 2 , 2003 , R ,5,9,6,"In this sequel a young woman has a premonition about a huge traffic accident that results in her own death, and the death of her friends. She blocks traffic in order to prevent the accident, but it seems that the Grim Reaper doesn't like being cheated. With Ali Larter, A.J. Cook, Andrew Downing, Michael Landes and T.C. Carson. [1:40]"
Final Destination 3 , 2006 , R ,6,10,8,"In the third installment in the series, a young woman has a vision about a rollercoaster accident that kills all of the riders. She gets off the ride with a few other people and the coaster does indeed crash, killing all those who remained onboard. However, those who got off the ride begin to die in gruesome and horrifying ways. With Ryan Merriman, Mary Elizabeth Winstead, Texas Battle, Gina Holden and Dustin Milligan. Directed by James Wong. [1:55]"
Final Destination 5 , 2011 , R ,4,10,5,"When a bridge collapses killing 17 co-workers on their way to a company retreat, the 8 that survived the horrible accident begin dying one by one in gruesome ways. Also with Nicholas D'Agosto, Emma Bell, Miles Fisher, Ellen Wroe, Jacqueline MacInnes-Wood, P.J. Byrne, Arlen Escarpeta, David Koechner, Courtney B. Vance, Tony Todd and Brent Stait. Directed by Steven Quale. [1:35]"
Final Fantasy: The Spirits Within , 2001 , PG-13 ,2,6,3,"Based on the eponymous, popular series of video games, ""Final Fantasy: The Spirits Within"" was filmed using computer animation techniques that create almost lifelike synthetic actors. It's 2065 and the earth has been overrun with evil aliens who are determined to destroy the planet and humankind. Earth's lone defender is Dr. Aki Ross (the voice of Ming-Na Wen), a woman who's dying from a terminal disease and has come up with a plan to defeat the aliens. Also with the voices of James Woods, Ving Rhames, Steve Buscemi, Donald Sutherland, Peri Gilpin and Alec Baldwin. [1:53]"
The Final Season , 2007 , PG ,2,3,4,"Baseball story based on a true story, and taking place in Norway, Iowa, in 1991: Kent Stock (Sean Astin), a girl's volleyball coach, becomes the baseball assistant coach for Norway High School, which has won 19 state championships and produced many professional players. But not all's well, since the school board president schemes to merge the high school with a bigger school, and he thinks that failure is assured if the inexperienced assistant coach takes over the team. Also with Rachael Leigh Cook, Larry Miller, Amy Acker, Ann Wedgeworth, Powers Boothe, Tom Arnold and Michael Angarano. Directed by David M. Evans. [1:58]"
Finding Dory , 2016 , PG ,1,3,1,"Off the coast of California, a forgetful Pacific blue tang (voiced by Ellen DeGeneres) begins to retrieve family memories and wants to know more. Two clownfish (voiced by Hayden Rolence and Albert Brooks) accompany her on a journey to find her parents (voiced by Diane Keaton and Eugene Levy) and learn about her past. Also with the voices of Ed O'Neill, Kaitlin Olson, Ty Burrell, Idris Elba, Dominic West and Sigourney Weaver. Directed by Andrew Stanton & Angus MacLane. [1:43]"
Finding Forrester , 2000 , PG-13 ,3,1,5,"A reclusive writer (Sean Connery) befriends an inner city high school basketball star (Robert Brown) in this drama about the power of words and friendship. Also with F. Murray Abraham, Michael Pitt, Anna Paquin, Matt Damon, Joey Buttafuoco, April Grace, Busta Rhymes and Gerry Rosenthal. [2:15]"
Finding Nemo , 2003 , G ,0,3,0,"The creators of ""Toy Story,"" ""A Bug's Life"" and ""Monsters, Inc."" go underwater in this adventure, which takes place in Australia's Great Barrier Reef and a Sydney dentist's aquarium. After a diver scoops up Nemo, a young clown fish, his distraught father Marlin, accompanied by his friend Dory who has short-term memory problems, sets out on an epic journey to find him. Meanwhile, with help from his fish tank mates, Nemo makes his own plans for escape. With the voices of Alexander Gould, Albert Brooks, Ellen DeGeneres, Erica Beck and Geoffrey Rush. Directed by Andrew Stanton. [1:41]"
Finding Neverland , 2004 , PG ,2,3,2,"Set in London in the early 1900's Johnny Depp stars as J.M. Barrie who was inspired by four young boys to write ""Peter Pan."" Kate Winslet stars as the boys' widowed mother. The screenplay is based on the play ""The Man Who Was Peter Pan,"" written by Allen Knee. Also with Julie Christie, Radha Mitchell and Dustin Hoffman. Directed by Marc Forster. [1:46]"
Find Me Guilty , 2006 , R ,4,5,10,"Based on a true story, with Vin Diesel as Jackie Dinorsio, a man serving time for narcotics possession, who's offered a deal by the DA if he'd give evidence against his associates in the New Jersey Lucchesi crime family, who are being charged with criminal conspiracy. He refuses and decides to defend himself in the upcoming trial. Also with Peter Dinklage, Annabella Sciorra, Richard Portnow and Linus Roache. Directed by Sidney Lumet. [2:05]"
The Finest Hours , 2016 , PG-13 ,2,5,4,"Based on a true story: in 1952 an oil tanker is spilt in half and is sinking off the coast of Massachusetts with over 30 sailors trapped inside the ship's stern. The ship's engineer (Casey Affleck) organizes an escape plan while the US Coast Guard attempts a rescue with a three-man crew led by a 24-year-old (Chris Pine) in a motor boat during a heavy storm and without a compass. Also with Eric Bana, Holiday Grainger, Ben Foster, John Magaro, Kyle Gallner and John Ortiz. Directed by Craig Gillespie. [1:57]"
Fire Down Below , 1997 , R ,2,7,6,Steven Seagal saves the environment.
Fired Up! , 2009 , PG-13 ,7,4,5,"Two star high school football players (Nicholas D'Agosto and Eric Christian Olsen) decide that instead of attending the same old football camp this summer, they'll try their hand at cheerleading camp, hoping to get to know the hundreds of girls who will be attending. Once they arrive, their plan begins to play out slightly differently than they had hoped. Also with Sarah Roemer, Danneel Harris, Nicole Tubiola, Annalynne McCord, Jake Sandvig, Hayley Marie Norman, Molly Sims, Philip Baker Hall, John Michael Higgins. Directed by Will Gluck. [1:34]"
Firehouse Dog , 2007 , PG ,1,4,2,"A boy whose mother left him and whose father is a firefighter lacks direction and keeps getting into trouble. That is, until he finds a stray dog that seems to know exactly what the boy needs. The dog used to be a superstar canine actor, which was separated from its crew and lost when a stunt failed. With Josh Hutcherson, Bree Turner, Bruce Greenwood, Dash Mihok and Steven Culp. Directed by Todd Holland. [1:51]"
Fire in the Sky , 1993 , PG-13 ,2,5,2,"D.B. Sweeney and Robert Patrick star in this film about alien abduction based on the account of Travis Walton, a man who claims he was abducted by aliens in 1975."
Fireproof , 2008 , PG ,3,3,0,"A husband (Kirk Cameron) and a wife (Erin Bethea) whose paths have grown farther and farther apart try to find a way to stay together by using the counseling found in a book called the ""Love Dare."" Also with Harris Malcom, Phyllis Malcom, Ken Bevel and Jason McLeod. Directed by Alex Kendrick. [2:02]"
Firestorm , 1998 , R ,0,8,6,A smokejumper fights a blazing forest fire and a gang of escaped convicts.
Firewall , 2006 , PG-13 ,2,7,5,"Harrison Ford stars as a bank security expert responsible for creating an advanced computer system that should prevent any sort of electronic theft. However, when his family is kidnapped, he must break into his own system and deliver $100 million to the kidnappers or his family will be killed. Also with Paul Bettany, Jimmy Bennett, Virginia Madsen and Robert Patrick. Directed by Richard Loncraine. [1:45]"
The Firm , 1993 , R ,5,5,6,Tom Cruise stars as a hot shot Harvard Law School graduate who unknowingly gets a job with a conservative law firm which is really working for the Mafia. Based on John Grisham's best selling book.
First Daughter , 2004 , PG ,4,3,3,"A young woman (Katie Holmes) struggles with her own identity when it comes time for her to go off to college and leave her family. That may seem normal for any young person, but what makes her situation slightly more difficult is that her father is the President of the United States (Michael Keaton) and he is on the campaign trail running for re-election. When she demands not to be followed by Secret Service agents everywhere she goes, her father seemingly agrees. However, he assigns an agent disguised as a student to protect her, and the two soon fall in love. Also with Marc Blucas, Margaret Colin, Dwayne Adway and Andrew Caple-Shaw. Directed by Forest Whitaker. [1:45]"
First Descent , 2005 , PG-13 ,1,4,5,"Documentary chronicling the rise of snowboarding by showcasing five of the world's best snowboarders: ranging in age from 18 to 40, they are taken on an expedition to some of the highest peaks of Alaska, where they are challenged to use their skills in pristine back country mountains. With Terje Haakonsen, Shawn Farmer, Nick Perata, and Shaun White. Directed by Kemp Curley & Kevin Harrison [1:50]"
The First Grader , 2011 , PG-13 ,4,6,3,"Based on the true story of a Kenyan villager (Oliver Litondo), a 1950's Mau Mau freedom fighter, who fights for his right to go to school for the first time at the age of 84 and thus inspires the world with his struggle. Also with Naomie Harris, Tony Kgoroge and Sam Feuer. Directed by Justin Chadwick. [1:43]"
First Kid , 1996 , PG ,2,3,2,Secret Service Agent Simms (Sinbad) is assigned to protect the bratty son of the President.
First Knight , 1995 , PG-13 ,2,6,0,"Richard Gere is Lancelot, Sean Connery is King Arthur and Julia Ormond is the woman they both love in this new take on the Camelot legend."
The First Purge , 2018 , R ,5,8,10,"In this prequel to 2013's The Purge the prototype of the annual 12-hour period that legalizes murder in a future dystopian America occurs on Staten Island: Based on the findings of a behavioral scientist (Marisa Tomei) the government, led by the NRA-backed far-right party New Founding Fathers of America, expects that an annual bloodletting will both decrease crime rates for the rest of the year and reduce minority populations. Also with Lex Scott Davis, Y'lan Noel, Jovian Wade, Luna Velez and Melonie Diaz. Directed by Gerard McMurray. [1:37]"
First Reformed , 2018 , R ,2,6,1,"The priest (Ethan Hawke) of a small New York state church struggles with guilt after the death of his son and starts questioning his faith. When mounting pressure from his congregation, his health and worrying about the state of the world weighs heavily on him, he considers taking drastic steps. Also with Amanda Seyfried, Cedric the Entertainer, Victoria Hill, Michael Gaston and Philip Ettinger. Directed by Paul Schrader. [1:53]"
First Snow , 2007 , R ,6,5,10,"Guy Pearce stars as a slick salesman who seems to have everything and everyone in his life under control. That is, until he believes a fortuneteller who tells him that he will die after the first snow. Suddenly, his life unravels as he tries to figure out how best to spend his remaining days. Also with Piper Perabo, Luce Rains, Adam Scott and Shea Whigham. Directed by Mark Fergus. [1:42]"
First Sunday , 2008 , PG-13 ,3,4,5,"A man (Ice Cube), down on his luck and unable to find a job is desperate to raise some money to keep the mother of his son from moving away. After all of his employment opportunities dry up, he and his best friend (Tracy Morgan) scheme to rob the neighborhood church. But they end up instead unwittingly uncovering unsavory activity. Also with Katt Williams, Loretta Devine, Michael Beach, Keith David, Regina Hall, Chi McBride and C.J. Sanders. Directed by David E. Talbert. [1:36]"
First Wives Club , 1996 , PG ,2,2,3,"Goldie Hawn, Diane Keaton and Bette Midler play spurned wives out for revenge."
Fist Fight , 2017 , R ,6,6,10,"On the last day before summer vacation a mild-mannered high school English teacher (Charlie Day) tries to remain calm during senior pranks and impending job loss. Then he inadvertently offends another teacher (Ice Cube), who demands a schoolyard fight after the closing bell. Also with Tracy Morgan, Christina Hendricks, Jillian Bell and Dean Norris. Directed by Richie Keen. [1:31]"
(500) Days of Summer , 2009 , PG-13 ,6,4,5,"Joseph Gordon-Levitt narrates the story of his 500 days of almost-love with a co-worker (Zooey Deschanel): Working together for a greeting card company, they have entirely different ideas about relationships -- he is more serious about love and describes roller coaster happiness ruined by bitterness. Also with Geoffrey Arend, Chloe Grace Moretz, Minka Kelly, Clark Gregg, Rachel Boston and Matthew Gray Gubler. Directed by Marc Webb. [1:35]"
5 to 7 , 2015 , R ,6,2,5,"A young man (Anton Yelchin), struggling with his career as a writer, meets and falls in love with an older, married woman (Bérénice Marlohe) and they begin a relationship. Things become complicated when she tells him that she is actually happily married and her husband knows about him and approves, but they can only meet for two afternoon hours a day. Also with Olivia Thirlby, Eric Stoltz, Glenn Close, Frank Langella and Lambert Wilson. Directed by Victor Levin. A few lines of dialogue are in French with English subtitles. [1:35]"
The Five-Year Engagement , 2012 , R ,7,4,9,"A man (Jason Segel) proposes to a woman (Emily Blunt) and they begin planning their wedding and their future together; when she is offered a post-doctoral position at a university in Michigan, they leave their San Francisco home thinking it will be a two year delay in their plans. But it doesn't turn out that way and as more time passes, it becomes harder and harder to pin down a wedding date. Also with Chris Pratt, Alison Brie, Rhys Ifans and Kevin Hart. Directed by Nicholas Stoller. [2:04]"
Flags of Our Fathers , 2006 , R ,2,8,6,"Clint Eastwood directs this account of the fierce WWII battle for the island of Iwo Jima, which concentrates on the efforts of one man to uncover the real story about his father's war experience and the famous photograph of five Marines and a Navy corpsman raising the American flag on Mount Suribachi. With Ryan Phillippe, Adam Beach, Jesse Bradford, Jamie Bell and Ben Walker. Directed by Clint Eastwood. [2:11]"
Flash of Genius , 2008 , PG-13 ,1,5,5,"Greg Kinnear stars as an engineer, inventor and college professor who goes toe-to-toe in court with the Ford Motor Company over their infringement on his patents for the intermittent windshield wiper. Based on a true story. Also with Lauren Graham, Jake Abel, Bill Smitrovich, Aaron Abrams, Dermot Mulroney and Tim Kelleher. Directed by Marc Abraham. [2:00]"
Flatliners , 2017 , PG-13 ,5,6,5,"A medical student (Ellen Page) persuades four classmates to experiment with dying and returning to life by using hospital equipment without permission. What they find is not what they expected when their sins come back to haunt them. Also with Diego Luna, Nina Dobrev, James Norton, Kiersey Clemons and Kiefer Sutherland. Directed by Niels Arden Oplev. [1:50]"
Flawless , 1999 , R ,5,5,10,"Robert De Niro plays a homophobic retired security guard who takes singing lessons from a drag queen (Philip Seymour Hoffman) after suffering a serious stroke. Also with Barry Miller, Wanda De Jesus, Skipp Sudduth, Daphne Rubin-Vega, Wilson Jermaine Heredia, Nashom Benjamin, Christopher Bauer and Scott Cooper. [1:51]"
Fled , 1996 , R ,5,7,8,Laurence Fishburne and Stephen Baldwin are convicts on the run with a computer disc the Attorney General wants.
Flesh and Bone , 1993 , R ,5,5,5,Dennis Quaid and Meg Ryan star in this tale of murder and family secrets. James Caan co-stars.
Flicka , 2006 , PG ,3,4,3,"A 16-year-old girl (Alison Lohman), whose parents own a quarter horse farm, longs to be back with her horses while suffering through boarding school. But when she returns to the family farm she has to confess to her parents that she has not passed her first year and will have to repeat it. After a heated argument the young woman finds a wild Mustang, that she names Flicka, and insists on taming and caring for it, despite her father's disapproval. Also with Tim McGraw, Ryan Kwanten, Maria Bello and Danny Pino. Directed by Michael Mayer & Rusty Hendrickson. [1:34]"
Flight , 2012 , R ,7,6,10,"A capable commercial airline pilot (Denzel Washington) performs an emergency landing in a substandard airliner carrying over 100 people and saves almost everyone on board. Although he seems to be a hero who averted disaster despite faulty equipment, an official investigation discovers that he had alcohol in his system during the flight. Also with John Goodman, Bruce Greenwood, Don Cheadle, Kelly Reilly, Nadine Velazquez, Tamara Tunie and Melissa Leo. Directed by Robert Zemeckis. [2:20]"
Flight of the Phoenix , 2004 , PG-13 ,1,6,5,"Dennis Quaid stars as a pilot who transports oil drilling gear and crews. His current trip takes him to the Gobi desert where he is to shut down a drilling operation and bring the crew home. Mid-flight however, they encounter an enormous sandstorm that wreaks havoc on their controls and navigation systems, and they crash, with no way of communicating with anyone. Now they must figure out a way to survive while waiting to be rescued. Also with Giovanni Ribisi, Miranda Otto, Hugh Laurie and Jared Padalecki. Directed by John Moore. [1:50]"
Flightplan , 2005 , PG-13 ,0,5,4,"Jodie Foster stars as an aeronautical engineer working in Berlin until her husband dies in a freak accident. She and her six-year-old daughter are returning to New York to bury him and live with her parents, but when she falls asleep on the plane she wakes up to find her daughter missing. To make things worse, nobody seems to remember the little girl boarding the plane, or even being on the flight manifest. Also with Peter Sarsgaard, Erika Christensen, Sean Bean and Haley Ramm. Directed by Robert Schwentke. [1:33]"
The Flintstones , 1994 , PG ,0,2,1,"The TV cartoon makes it to the big screen, with John Goodman as Fred, Rick Moranis as Barney, Elizabeth Perkins as Wilma and Rosie O'Donnell as Betty."
The Flintstones in Viva Rock Vegas , 2000 , PG ,2,2,1,"This live-action comedy takes place in the Flintstone gang's single days: The Great Gazoo is sent to Earth to study human mating habits and observes Fred and Wilma and Barney and Betty falling in love despite several misunderstandings and meddlers. With Mark Addy, Stephen Baldwin, Jane Krakowski, Kristen Johnston, Joan Collins, Alan Cumming, Harvey Korman and Thomas Gibson. [1:28]"
Flipped , 2010 , PG ,2,2,4,"Based on the novel by Wendelin Van Draanen, it relates the story of two eighth graders (Madeline Carroll, Callan McAuliffe), who begin having feelings for one another. Despite being total opposites, the relationship soon blossoms into first love. Also with Rebecca De Mornay, Anthony Edwards, John Mahoney, Aidan Quinn and Penelope Ann Miller. Directed by Rob Reiner. [1:30]"
Flipper , 1996 , PG ,0,3,3,"Elijah Wood is a boy who befriends a dolphin when visiting his uncle, Paul Hogan."
Flirting with Disaster , 1996 , R ,5,2,6,Ben Stiller looks for his biological parents along with wife Patricia Arquette and counselor Tea Leoni.
Florence Foster Jenkins , 2016 , PG-13 ,4,3,3,"Based on real events: A New York City heiress (Meryl Streep) maintains a music appreciation club in 1944, and while she's practically tone deaf, she performs operatic arias and long-time patrons support her. She engages Carnegie Hall with the help of her husband (Hugh Grant) and her pianist (Simon Helberg), where she performs for thousands of soldiers and sailors (with mixed reviews). Also with Nina Arianda and Rebecca Ferguson. Directed by Stephen Frears. [1:50]"
The Florida Project , 2017 , R ,5,4,10,"A young woman (Bria Vinaite) struggles to raise her young daughter (Brooklynn Prince) while gathering money in any way she can to pay her weekly rent at a Florida motel that's just outside the Disney World complex. Also with Willem Dafoe, Valeria Cotto and Christopher River. Directed by Sean Baker. A few lines of dialogue are spoken in Spanish with English subtitles. [1:51]"
The Flowers of War , 2011 , R ,6,8,5,"When a westerner (Christian Bale) takes refuge in a Catholic church during the 1937 Nanking Massacre (also known as the Rape of Nanking), he finds himself responsible for the safety of a group of schoolgirls and several prostitutes, as he tries to lead them to safety and away from the invading Japanese army. Also with Ni Ni, Xinyi Zhang, Tong Dawel and Paul Schneider. Directed by Yimou Zhang. In Mandarin and English, with English subtitles. [2:26]"
Flubber , 1997 , PG ,2,4,1,An absent-minded professor discovers flying rubber in his lab. With Robin Williams.
Fluke , 1995 , PG ,1,3,0,A man (Matthew Modine) comes back to life as a dog and tries to protect his family.
Flushed Away , 2006 , PG ,1,3,2,"Animated feature about a British mouse that's flushed down the toilet of his posh Kensington home and discovers a whole city in the London sewer system, populated mostly by rodents. While trying to return to his pampered existence, he falls in love, discovers the joys of companionship and become a hero. With the voices of Hugh Jackman, Kate Winslet, Ian McKellen, Andy Serkis and Bill Nighy. Directed by Sam Fell & David Bowers. [1:24]"
Fly Away Home , 1996 , PG ,1,2,3,A girl (Anna Paquin) and her father (Jeff Daniels) teach her pet geese how to migrate for the winter.
Flyboys , 2006 , PG-13 ,3,7,2,"Inspired by true stories, about the beginning of aerial warfare during WWI: By 1917 France and England are losing the war against Germany and altruistic young Americans volunteer to fight for the French. Some join the nascent air force and engage in deadly dogfights. With James Franco, Jean Reno, David Ellison, Martin Henderson and Jennifer Decker. Directed by Tony Bill. [2:14]"
Fly Me to the Moon , 2008 , G ,1,2,1,"3D animated feature about a young fly, who grows up hearing about the adventures of his grandfather and decides to have an adventure of his own: After convincing his two closest friends to join him, they stow away on the Apollo 11 rocket and take a trip to the moon. With Edwin E. Aldrin Jr., and the voices of Christopher Lloyd, Robert Patrick, Nicollette Sheridan, Tim Curry, Ed Begley Jr., Adrienne Barbeau, Philip Bolden, Trevor Gagnon, David Gore and Kelly Ripa. Directed by Ben Stassen. [1:25]"
Focus , 2001 , PG-13 ,4,5,3,"A man (William H. Macy) leads an unassuming life in a Brooklyn neighborhood towards the end of WWII. But his life is turned upside down when he gets a new pair of glasses. He experiences discrimination and anti-Semitism firsthand when this subtle change in appearance makes his employer and neighbors think that he is Jewish. Also with Laura Dern, David Paymer, Meat Loaf and Kay Hewtrey. [1:44]"
Focus , 2015 , R ,6,5,10,"A professional con man (Will Smith) takes a younger woman (Margot Robbie) on as an apprentice and falls in love with her, but dismisses her after her training. Years later she shows up as his opponent in a big swindle, now a seasoned con artist herself. Also with Rodrigo Santoro, Gerald McRaney, BD Wong and Robert Taylor. Directed by John Requa and Glenn Ficarra. [1:44]"
Folks , 1992 , PG-13 ,2,2,2,"Tom Selleck, stars as a yuppie with an idyllic lifestyle, who ends up having to care for his senile father (Don Ameche) and suddenly all that was near and dear to him begins to slide down the dumper."
Fool's Gold , 2008 , PG-13 ,5,4,4,"Matthew McConaughey and Kate Hudson star as a divorced couple, who come together to search for a huge treasure with the help of a wealthy yachtsman (Donald Sutherland) and his daughter (Alexis Dziena). They are chased by other treasure hunters and a gangster rapper and his entourage. Directed by Andy Tennant. [1:48]"
Fools Rush In , 1997 , PG-13 ,2,2,5,A couple find themselves pregnant and married after a one night stand.
Footloose , 2011 , PG-13 ,5,5,4,"A remake of the eponymous 1984 film about a teenager (Kenny Wormald) that moves to a small town in Georgia, where dancing and rock-and-roll have been banned. After falling for the local preacher's daughter (Julianne Hough), he works to change the town's collective mind about his rebellious nature and their prohibitive laws about dancing. Also with Dennis Quaid, Andie MacDowell, Miles Teller and Ray McKinnon. Directed by Craig Brewer. [1:53]"
"For a Good Time, Call... ", 2012 , R ,9,4,8,"College rivals (Lauren Miller and Ari Graynor) move in together when they find a fancy Gramercy Park apartment available. One of them runs a phone sex line and when the other loses her job, the women go into the business together. But as they add a website and film a commercial, they run into humorous ramifications. Also with Seth Rogen, Justin Long, Mimi Rogers, Nia Vardalos, Mark Webber and James Wolk. Directed by Jamie Travis. [1:26]"
Forbidden Kingdom , 2008 , PG-13 ,3,7,4,"Looking for kung fu DVDs in Chinatown, a teenage boy (Michael Angarano) is attacked by gang members and falls through a time portal, landing in ancient China. There, he learns that he must free the Monkey King (Jet Li), who was captured by the Jade Warlord (Collin Chou) before he can return home. To accomplish his mission he gets trained by a kung fu master (Jackie Chan) and a curious character called Silent Monk (also Jet Li). Also with Liu Yifei and Li Bingbing. Directed by Rob Minkoff. [1:53]"
Forces of Nature , 1999 , PG-13 ,5,4,5,"Strangers Sandra Bullock and Ben Affleck encounter numerous mishaps while traveling to Georgia for her business meeting and his wedding to Maura Tierney. Also with Steve Zahn, Blythe Danner, Ronny Cox, Joe Don Baker, Jack Kehler, Meredith Scott Lynn and David Strickland."
For Colored Girls , 2010 , R ,8,7,6,"Eight African-American women (Anika Noni Rose, Kerry Washington, Janet Jackson, Kimberly Elise, Phylicia Rashad, Loretta Devine and Thandie Newton and Whoopi Goldberg) experience loss, abuse and betrayal and come together to find a way to survive the challenges of their lives. Based on the play by Ntozake Shange. Also with Omari Hardwick, Hill Harper, Michael Ealy, Jaycee Williams and Thomas Jessup. Directed by Tyler Perry. [2:14]"
The Foreigner , 2017 , R ,5,7,6,"An aging businessman (Jackie Chan) loses his teenage daughter (Charlie Murphy) in a London car bombing that's suspected of being the work of the IRA. When an Irish official refuses to help him find her murderer, the grieving father terrorizes him until he can provide the names of possible killers. Also with Pierce Brosnan, Simon Kunz and Katie Leung. Directed by Martin Campbell. Several lines of dialogue are in Chinese with English subtitles. Many characters speak with thick Irish accents. [1:54]"
The Forest , 2016 , PG-13 ,1,6,3,"Learning that her twin sister vanished in Japan, an American (Natalie Dormer) travels to Mount Fuji's infamous Aokigahara Forest, where the anguished go to commit suicide, and with a new friend (Taylor Kinney) she explores the forest, ignoring instructions to leave before sunset. Also with Eoin Macken, Stephanie Vogt, Yukiyoshi Ozawa, Rina Takasaki, Noriko Sakura, Yûho Yamashita and James Owen. Directed by Jason Zada. Several lines of dialogue are in Japanese and most are translated. [1:35]"
Forever My Girl , 2018 , PG ,3,2,2,"A man (Alex Roe) leaves his fiancée (Jessica Rothe) at the altar to find fame with a country music career. After he finds success, he returns to their hometown years later and he discovers that he's the father of a precocious seven-year-old daughter. Also with John Benjamin Hicke, Abby Ryder Fortson, Travis Tritt, Judith Hoag and Tyler Tiggs. Directed by Bethany Ashton Wolf. [1:44]"
Forever Young , 1992 , PG ,2,3,2,"Mel Gibson is an army test-pilot in 1939, and when his love is hit by a truck and is rendered comatose, he decides he can't take waiting for her to die. He convinces George Wendt, a genius who has discovered a way to suspend life, to freeze him for a year. But he awakens in 1992."
Forget Paris , 1959 , PG-13 ,3,2,3,Billy Crystal and Debra Winger star as a married couple who are trying to stay together despite problems.
Forgetting Sarah Marshall , 2008 , R ,10,4,8,"After being dumped by his TV star girlfriend (Kristen Bell), a man (Jason Segel) decides to take a trip to Hawaii to cheer himself up. But upon arrival to the island he learns that his former girlfriend is also in Hawaii and staying at the same hotel with her new rock star boyfriend (Russell Brand). Also with Mila Kunis and Bill Hader. Directed by Nicholas Stoller. [1:52]"
The Forgotten , 2004 , PG-13 ,3,4,5,"A grieving mother (Julianne Moore), whose 9-year-old son died in an airplane crash, seeks the help of a psychiatrist (Gary Sinise) to cope with the pain of her loss. People around her, including her husband, behave as if she has imagined a past with a son that never really existed. When she meets another man (Dominic West) who has memories of his own lost daughter, the two team up in a desperate attempt to uncover the truth behind what appears to be a case of mass kidnapping. Also with Alfre Woodard and Anthony Edwards. Directed by Joseph Ruben. [1:31]"
For Greater Glory , 2012 , R ,1,8,3,"A dramatic account of the Cristeros War, the 1920s conflict when Mexican Roman Catholics fought against the anticlerical Mexican government. Andy Garcia stars as a retired general recruited by the leaders of the Catholic militias to lead their fight. Also with Oscar Isaac, Catalina Sandino Moreno, Santiago Cabrera, Rubén Blades, Bruce McGill, Arián Alonso, Eva Longoria and Peter O’Toole. Directed by Dean Wright. [2:23]"
For Love of the Game , 1999 , PG-13 ,4,2,5,"Kevin Costner plays an aging Detroit Tigers pitcher standing at the crossroads of life: behind him is his glorious 19-year baseball career; ahead of him is life with the woman he loves. With Kelly Preston, John C. Reilly, Jena Malone, Brian Cox, Michael Neeley. [2:00]"
For Love or Money , 1993 , PG ,3,0,3,Michael J. Fox stars as a concierge who has to decide between true love and funding for his dream hotel.
Formula 51 , 2002 , R ,6,8,10,"Samuel L. Jackson stars as an American master chemist who goes to England, hoping to introduce a new designer drug to the European underworld. His plans hit a snag when he gets stuck in Liverpool with an unlikely escort (Robert Carlyle) and becomes entangled in a web of double-dealing and double-crosses. Also with Emily Mortimer, Rhys Ifans and Meat Loaf. [1:32]"
Forrest Gump , 1994 , PG-13 ,4,4,5,"Tom Hanks stars as Forrest Gump, a perceptive simpleton who's been involved, in one way or another, with every major event of recent American history."
For Richer or Poorer , 1997 , PG-13 ,1,2,5,A bitter couple headed for divorce must flee their ritzy New York life and hide out in Amish country.
The Forsaken , 2001 , R ,9,10,10,"A budding filmmaker (Kerr Smith) takes a cross-country trip to go to his sister's wedding, but he unfortunately encounters some pretty mean vampires who want to kill or maybe eat him just a little. Also with Brendan Fehr, Johnathon Schaech, A.J. Buckley, and Izabella Miko. [1:45]"
Fortress , 1993 , R ,7,7,6,"Christopher Lambert plays an ex-army officer who ends up in a maximum security prison because his wife is pregnant (she ends up there, too). In this reality, overpopulation has forced the U.S. to ban second births."
40 Days and 40 Nights , 2002 , R ,8,2,7,"After a devastating breakup, a young man (Josh Hartnett) has a number of meaningless sexual encounters trying to forget his ex. When he realizes these affairs are not helping him to recover he takes a vow of celibacy and by doing so he realizes that sex is not important in finding a true soul mate. But just when he decides he's in control of his emotions and impulses, the woman of his dreams (Shannyn Sossamon) comes along -- and so does temptation. Also with Vinessa Shaw, Monet Mazur, Maggie Gyllenhaal, Emmanuelle Vaugier and Keegan Connor Tracy. [1:31]"
45 Years , 2016 , R ,5,1,5,"A couple (Charlotte Rampling and Tom Courtenay) is getting ready to celebrate their 45th wedding anniversary when they are shocked by news from their past and their relationship is shaken to its core. Also with Geraldine James, Dolly Wells and David Sibley. Directed by Andrew Haigh. [1:35]"
47 Meters Down , 2017 , PG-13 ,2,6,5,"Two adventurous sisters (Mandy Moore and Clair Holt) vacation in Mexico and plan to swim with sharks. Diving underwater in a steel shark cage, they face great whites in safety but when their cage breaks away from their boat, they plunge further into the deep, their oxygen runs low, and they become desperate for help. Also with Chris J. Johnson, Yani Gellman, Santiago Segura and Matthew Modine. Directed by Johannes Roberts. Several lines of dialogue are spoken in Spanish and are not translated. [1:29]"
47 Ronin , 2013 , PG-13 ,3,6,1,"Based on an 18th century Japanese legend: a group of forty seven samurai lose their Master (Min Tanaka) as a result of the actions of an evil Lord (Tadanobu Asano). Becoming leaderless ronin, they seek the help of a half-Japanese outcast (Keanu Reeves), who leads them through a mystical world of strange creatures, shape-shifters and danger to help them restore samurai honor. Also with Hiroyuki Sanada, Kou Shibasaki, Jin Akanishi and Rinko Kikuchi. Directed by Carl Rinsch. [2:00]"
42 , 2013 , PG-13 ,3,4,4,"The story of baseball's legendary Number 42, Jackie Robinson (Chadwick Boseman), as he breaks the color barrier in Major League Baseball for the Brooklyn Dodgers in 1947. He receives support and help from friend Pee Wee Reese (Lucas Black), General Manager Branch Rickey (Harrison Ford) and manager Leo Durocher (Christopher Meloni). Also with John C. McGinley, Nicole Beharie, Andre Holland, T.R. Knight, Alan Tudyk, James Pickens Jr. and Max Gail. Directed by Brian Helgeland. [2:08]"
The 40-Year-Old Virgin , 2005 , R ,8,4,10,"A 40-year-old man (Steve Carell) has never had sex. When his colleagues find out, they make it their mission to get him some sexual experience. But the woman he's dating (Catherine Keener) has agreed on a mutual no-sex policy. Also with Paul Rudd, Romany Malco and Seth Rogen. Directed by Judd Apatow. [1:56]"
For Your Consideration , 2006 , PG-13 ,3,1,5,"In this Hollywood parody, a group of has-been actors shoots an independent movie that begins to acquire Oscar nomination buzz, which fills them with hope. However, as celebrity shows start covering the production and award fever infects the filmmakers, the screenwriters become terrified that the film story is being changed to accommodate Hollywood standards. With Catherine O'Hara, Eugene Levy, Harry Shearer, Christopher Guest and John Michael Higgins. Directed by Christopher Guest. [1:26]"
The Fountain , 2006 , R ,4,6,5,"Hugh Jackman stars as a man who's been alive for a thousand years: As a 16th-century conquistador he finds a plant that grants eternal life to those who drink of its sap, as a modern day scientist he tries to find a cure for the cancer that's killing his wife (Rachel Weisz), and as 26th century astronaut he tries to find the heavenly depository of souls. Also with Ellen Burstyn, Sean Patrick Thomas and Donna Murphy. Directed by Darren Aronofsky. [1:36]"
Four Brothers , 2005 , R ,6,7,10,"Four adopted brothers (Mark Wahlberg, Tyrese Gibson, André Benjamin and Garrett Hedlund) meet at their childhood home after their mother's funeral. She was murdered during a convenience store robbery, and when it becomes obvious that the police are not trying very hard to solve the case and bring in the killers, the brothers decide to go looking for them on their own. Also with Sofía Vergara. Directed by John Singleton. [1:49]"
Four Christmases , 2008 , PG-13 ,6,4,4,"Reese Witherspoon and Vince Vaughn star as a couple that misses their usual island Christmas vacation when their flight from San Francisco is cancelled by inclement weather. Trapped stateside, they visit all four of their divorced parents, at separate homes, on Christmas day. The four gatherings are full of dysfunction bordering on mayhem, but the celebrations inspire them to reconsider their lives together. Also with Mary Steenburgen, Jon Voight, Sissy Spacek, Robert Duvall, Jon Favreau, Tim McGraw, Dwight Yoakam and Kristin Chenoweth. Directed by Seth Gordon. [1:40]"
The Four Feathers , 2002 , PG-13 ,4,6,2,"A.E.W. Mason's adventure novel has been made into a movie several times, most notably in 1939. Set in 1898, at the height of Imperial Britain, an officer (Heath Ledger) resigns his command to avoid going with his regiment to the Sudan. Offended by his act of cowardice, his fellow officers and his fiancée send him four white feathers. To redeem his honor, he disguises himself as an Arab and secretly saves the lives of the very people who branded him a coward. Also with Wes Bentley, Kate Hudson, Djimon Hounsou and Michael Sheen. [2:07]"
The Fourth Kind , 2009 , PG-13 ,2,6,4,"Based on 40 years of alleged UFO sightings, radar anomalies and unexplained human disappearances in northern Alaska, this film follows a psychotherapist (Milla Jojovich) as she investigates sleep disturbances and UFO sightings with the help of her mentor (Elias Koteas) and a local sheriff (Will Patton). The film mixes allegedly real footage of alien abductees with re-enactments by actors. Also with Corey Johnson, Hakeem Kae-Kazim, Enzo Cilenti, Daphne Alexander, Alisha Seaton, Tyne Rafaeli and Mia McKenna Bruce. Directed by Olatunde Osunsanmi. [1:38]"
Four Weddings and a Funeral , 1994 , R ,4,1,7,Andie MacDowell and Hugh Grant star in this romantic comedy about being single and looking for your significant other.
1492: Conquest of Paradise , 1992 , PG-13 ,3,9,1,Gerard Depardieu struts his considerable physical presence as the great explorer in director Ridley Scott's version of what happened during the fall of 1492.
1408 , 2007 , PG-13 ,1,6,5,"A writer (John Cusack) of books about paranormal and supernatural occurrences, who visits sites that are deemed haunted, takes a trip to New York to stay overnight in room 1408 of the Dolphin Hotel, even though the manager (Samuel L. Jackson) has forbidden anyone from ever staying there. It seems that there has been one too many unexplained deaths in the room. Also with Mary McCormack, Jasmine Jessica Anthony and Christopher Carey. Directed by Mikael Hafstrom. [1:34]"
Foxcatcher , 2014 , R ,3,4,3,"Based on the true story of John E. du Pont (Steve Carell) and his involvement with Mark and David Schultz (Channing Tatum and Mark Ruffalo), Olympic gold medalists in wresting. Also with Sienna Miller, Vanessa Redgrave, Anthony Michael Hall, Guy Boyd and Brett Rice. Directed by Bennett Miller. [2:14]"
Fracture , 2007 , R ,4,5,5,"Ryan Gosling stars as a smug, successful assistant DA whose last assignment before he leaves for a new high-paying private sector job is to prosecute a man (Anthony Hopkins) who has readily confessed to shooting his wife. Thinking it's going to be a cinch, he takes the case but he instead becomes part of a set-up that threatens not only his current position but also his ability to continue to practice law. Also with David Strathairn, Rosamund Pike and Embeth Davidtz. Directed by Gregory Hoblit. [1:52]"
Frailty , 2002 , R ,1,7,5,"Bill Paxton stars as the widowed father of two young boys who believes that his family's mission is to destroy demons -- seemingly normal looking people, who supposedly walk the Earth as pure evil. He states that he is visited by angels who bring him lists of demons to destroy, and so, with his younger son, he's off on a killing spree. His older son, however, is not a believer and does not want to participate in the murders. Also with Matthew McConaughey, Luke Askew, Matthew O'Leary and Jeremy Sumpter. [1:40]"
Frank , 2014 , R ,6,5,8,"A struggling songwriter (Domhnall Gleeson) stumbles upon what he thinks is his big break when he is asked to play keyboards for a band, after watching the previous keyboardist try to commit suicide. He befriends the lead singer (Michael Fassbender), who is rarely seen without a large artificial head he wears to cover his own. Also with, Moira Brooker, Paul Butterworth, Phil Kingston, Billie Traynor, Shane O'Brien, Scoot McNairy, Maggie Gyllenhaal, François Civil and Carla Azar. Directed by Lenny Abrahamson. [1:35]"
Frankenweenie , 2012 , PG ,1,4,2,"A young boy scientist in a small-town (voiced by Charlie Tahan) loses his best friend when his dog Sparky (Frank Welker) dies. The boy finds an electrifying way to bring Sparky back, but when the townspeople find out, a pet cemetery releases its dead and chaos ensues. Also with the voices of Martin Landau, Martin Short, Atticus Schaffer, Robert Capron, Wynona Ryder and Catherine O'Hara. Directed by Tim Burton. [1:30]"
Frankie and Johnny , 1991 , R ,7,3,6,"In this romantic comedy/drama, Michelle Pfeiffer plays a diner waitress who's afraid to date and Al Pacino plays a cook who falls for her. Also with Nathan Lane, Hector Elizondo, Kate Nelligan, Jane Morris, Greg Lewis, Al Fann, Ele Keats, Fernando Lopez, Tim Hopper, Glenn Plummer and Goldie McLaughlin. Based on Terence McNally's stage play ""Frankie and Johnny in the Clair de Lune"" and directed by Garry Marshall. [1:58]"
Freaky Friday , 2003 , PG ,3,2,3,"A teenager, Annabel (Lindsay Lohan) and her widowed mother (Jamie Lee Curtis), who do not see eye-to-eye and are always arguing, are magically transformed and end up exchanging bodies. Now they see life from each other's perspective and have to learn to appreciate each other before the body swapping is reversed. Also with Mark Harmon, Chad Murray and Stephen Tobolowsky. Directed by Mark S. Waters. [1:37]"
Fred Claus , 2007 , PG ,2,3,2,"The Christmas season is in crisis when an efficiency expert (Kevin Spacey) is sent to the North Pole to evaluate Santa Claus's (Paul Giamatti) operation. To complicate things further, Santa's estranged brother, Fred Claus (Vince Vaughn), a fast-talking repo man who's out of luck and money, comes for a visit. Also with John Michael Higgins, Kathy Bates and Elizabeth Banks. Directed by David Dobkin. [1:44]"
Freddy Got Fingered , 2001 , R ,7,8,9,"Tom Green directs, and also stars as a financially challenged 28-year-old who moves back home against his domineering father's wishes. While he dreams of being an animator his father wants him to get a job. The two feud and feud. Also with Harland Williams, Rip Torn, Drew Barrymore, Julie Hagerty, Stephen Tobolowsky, Marisa Coughlan, Jackson Davies, Eddie Kaye Thomas, Scott Heindl, Ron Selmour, Connor Widdows, Laurie Murdoch, Anthony Michael Hall and Mike Bullard. [1:33]"
Freddy Vs. Jason , 2003 , R ,7,10,8,"Horror film that pits Freddy Kruger (Robert Englund), the slasher from the ""Nightmare on Elm Street"" series, against Jason Voorhees (Ken Kirzinger), the undead hockey goalie from the ""Friday the 13th"" series. A gaggle of teen stereotypes also shows up in the middle of the battle, and they're promptly slashed and slaughtered. Also with Monica Keena, Jason Ritter and Kelly Rowland. Directed by Ronny Yu. [1:35]"
Free Birds , 2013 , PG ,2,4,2,"A turkey (voiced by Owen Wilson) pardoned at the White House and the Turkey Liberation Front leader (voiced of Woody Harrelson) join forces to save all turkeys from the traditional Thanksgiving menu. The birds steal a top-secret time machine, go back to 1621 Plymouth and attempt to change history, but meet an interesting flock of native turkeys in the process. Also with the voices of George Takei, Amy Poehler, Colm Meaney, Dan Fogler and Keith David. Directed by Jimmy Haywood. [1:31]"
Freedomland , 2006 , R ,2,5,8,"Samuel L. Jackson stars as a police detective in a New Jersey precinct who is called to investigate a case when a white woman (Julianne Moore) accuses an African-American of carjacking her and kidnapping her young son who was still in the back seat asleep. Also with Edie Falco, Ron Eldard and William Forsythe. Directed by Joe Roth. [1:53]"
Freedom Writers , 2006 , PG-13 ,2,7,5,"An idealistic teacher (Hilary Swank) in a Los Angeles high school believes that she can make a difference in the lives of her disadvantaged, racially divided inner city students. But she has to struggle against the school administration, that refuses to support her efforts, and must overcome the violence that touches the children every day. Also with Patrick Dempsey, Imelda Staunton, Scott Glenn and April Lee Hernandez. Directed by Richard LaGravenese. [2:02]"
Free Fire , 2017 , R ,3,8,10,"In 1970s Boston, a black-market arms deal between the IRA and South Africans goes haywire and the result is an interminable shootout in an abandoned warehouse; the arms broker (Brie Larson) responsible for setting up the deal and her sidekick (Armie Hammer) attempt to survive the ordeal by using their arsenal of weapons. Also with Cillian Murphy, Sharlto Copley, Michael Smiley, Enzo Cilenti, Noah Taylor, Jack Reynor and Babou Ceesay. Directed by Ben Wheatley. [1:30]"
The Free State of Jones , 2016 , R ,1,7,3,"Set during the Civil War, it depicts the attempt to form a separate US state for former slaves and poor white farmers, based on racial and gender equality: A southerner (Matthew McConaughey) and fights alongside abolitionists (Gugu Mbatha-Raw and Mahershala Ali), escaped slaves and Confederate deserters to declare the Free State of Jones. Also with Keri Russell, Brendan Gleeson, Jacob Lofland, Brad Carter and Sean Bridgers. Directed by Gary Ross. [2:19]"
Free Willy , 1993 , PG ,0,2,1,A streetwise twelve year old boy learns about loyalty and love through his relationship with a killer whale.
Free Willy 2: The Adventure Home , 1995 , PG ,2,2,1,"A boy and his pet Orca are reunited, and again he must save Willy from certain doom."
Free Willy 3: The Rescue , 1997 , PG ,1,3,2,Yet another sequel of the popular film about the friendship between a whale and a boy.
French Kiss , 1995 , PG-13 ,3,2,5,Meg Ryan and Kevin Kline find love in Paris in this romantic comedy.
Frequency , 2000 , PG-13 ,1,5,4,"James Caviezel plays a Queens police officer who alters history and changes his family's lives when he begins communicating with his father (Dennis Quaid) 30 years in the past. Also with André Braugher, Elizabeth Mitchell, Noah Emmerich, Frank McAnulty, Jordan Bridges, Michael Cera and Stephen Joffe. [1:57]"
Fresh , 1994 , R ,4,8,10,"A 12 year old boy is an up and comer in the drug infested streets of New York, while trying to rescue his sister from a drug dealer."
Frida , 2002 , R ,7,7,6,"The life and times of Mexican painter and 20th century icon Frida Kahlo, with Salma Hayek in the title role, focuses on Frida's rocky and often abusive relationship with her husband and fellow artist Diego Rivera (Alfred Molina), her bisexuality, medical problems and the drug and alcohol abuse that killed her at age 47. Antonio Banderas co-stars as David Siqueiros, Rivera's rival in the Mexican art world, Ashley Judd is Italian photographer Tina Modotti, Geoffrey Rush is Leon Trotsky, and Edward Norton is Nelson Rockefeller -- who famously contracted Rivera to paint the lobby mural of Rockefeller Center, only to renege because it included a portrait of Lenin. [2:03]"
Friday , 1995 , R ,3,5,10,Craig (Ice Cube) loses his job and hangs out with his friend Smoky (Chris Tucker) on a Friday afternoon.
Friday After Next , 2002 , R ,5,5,10,"This third installment in the ""Friday"" series takes place during the holiday season: Although cousins Craig (Ice Cube) and Day-Day (Mike Epps) live in a rundown apartment they are full of Christmas cheer, until a Santa Claus breaks in and steals all their stuff, including the rent money. Faced with eviction, they get jobs in a strip mall as unarmed security guards. Also with John Witherspoon, Don ""D.C."" Curry and Anna Maria Horsford. [1:25]"
Friday Night Lights , 2004 , PG-13 ,4,4,5,"Based on the book about high school football by H.G. Bissinger, the film depicts life in Odessa, Texas during the 1988 season. The high school football team has dreams of making it to the state championships, and Coach Gary Gaines (Billy Bob Thornton) inspires the boys to be ""perfect,"" while the whole town seems fully devoted to the Friday night football games. Also with Derek Luke, Garrett Hedlund, Jay Hernandez and Lucas Black. Directed by Peter Berg. [1:57]"
Friday the 13th , 2009 , R ,9,9,10,"One month after the disappearance of his sister, and after the police have had no luck in turning up clues, a man (Jared Padalecki) takes the investigation in his own hands and ventures to Crystal Lake where his sister was last seen. While there he uncovers a disturbing history in the broken down and long abandoned cabins in the woods. Also with Julianna Guill, America Olivo, Amanda Righetti, Danielle Panabaker, Jonathan Sadowski, Travis Van Winkle, Aaron Yoo and Derek Mears. Directed by Marcus Nispel. [1:35]"
Friend Request , 2017 , R ,3,7,6,"A college woman (Alycia Debnam-Carey) with hundreds of Facebook friends accepts a friend request from a lonely animation major (Liesl Ahlers), who starts posting disturbing images and she ends up being unfriended. The rejected animator commits suicide while filming herself, the video appears on her former friend's page and then real friends die in succession. Also with William Moseley, Connor Paolo, Brit Morgan, Brooke Markham and Sean Marquette. Directed by Simon Verhoeven. [1:32]"
Friends With Benefits , 2011 , R ,7,3,7,"A man (Justin Timberlake) and his colleague (Mila Kunis), both disappointed in romantic relationships, decide to become friends that have sex without any commitment. The arrangement is not as easy and emotion-free as they imagined it to be, especially after they meet one another's families. Also with Patricia Clarkson, Jenna Elfman, Richard Jenkins, Emma Stone, Bryan Greenberg, Shaun White and Woody Harrelson. Directed by Will Gluck. [2:00]"
Friends with Kids , 2012 , R ,7,2,8,"Two lifelong friends (Adam Scott and Jennifer Westfeldt) decide to have a child together and share custody, thinking that they can avoid the complications of married life. Also with Jon Hamm, Kristen Wiig, Maya Rudolph, Chris O'Dowd, Megan Fox and Edward Burns. Directed by Jennifer Westfeldt. [1:47]"
Friends with Money , 2006 , R ,7,3,7,"Jennifer Aniston, Catherine Keener, Frances McDormand and Joan Cusack star as four life-long friends living in the west coast and deal with the stress of life and relationships while trying to figure out what being happy really means. Also with Jason Isaacs and Scott Caan. Directed by Nicole Holofcener. [1:28]"
The Frighteners , 1996 , R ,1,7,5,Michael J. Fox can talk to spirits in a small town where Death seems to be rather active.
Fright Night , 2011 , R ,5,8,9,"A remake of the 1985 horror classic: a teen boy (Anton Yelchin) discovers that his new neighbor (Colin Farrell) is a vampire and responsible for recent disappearances in the area. After he attempts to kill the vampire on his own, he turns to a Las Vegas stage magician (David Tennent) for help. Also with Toni Collette, Christopher Mintz-Plasse, Lisa Loeb and Imogen Poots. Directed by Craig Gillespie. [1:46]"
From Dusk till Dawn , 1996 , R ,6,10,10,"George Clooney, Quentin Tarantino and Harvey Keitel get stuck in a bar that's full of vampires. Also with Juliette Lewis, Salma Hayek, Ernest Liu, Cheech Marin, Danny Trejo, Tom Savini, Fred Williamson, Michael Parks, Brenda Hillhouse, John Saxon, Marc Lawrence and Kelly Preston. [1:48]"
From Dusk till Dawn 2: Texas Blood Money , 1999 , R ,6,10,8,"A group of thieves planning a bank heist are turned into vicious vampires. With Robert Patrick, Duane Whitaker, Bo Hopkins, Muse Watson, Raymond Cruz, Brett Harrelson, James Parks, Danny Trejo and James Ryan. [1:28]"
From Hell , 2001 , R ,7,10,6,"The infamous Victorian murderer Jack the Ripper preys upon prostitutes in the Whitechapel district of London in 1888, while a young police inspector (Johnny Depp), guided by opium-induced visions of the murders, tracks him down. Also with Heather Graham, Ian Holm, Robbie Coltrane and Jason Flemyng. [2:17]"
From Justin to Kelly , 2003 , PG ,3,2,2,"Essentially a spring break music video with a touch of romantic drama about three young women and three young men searching for the right person on the beaches of Miami. It features the original ""American Idol"" stars Kelly Clarkson and Justin Guarini. Also with Brian Dietzen, Katherine Bailess and Anika Noni Rose. Directed by Robert Iscove. [1:21]"
From Paris with Love , 2010 , R ,6,8,10,"An ambitious government employee (Jonathan Rhys Meyers) working in Paris dreams of becoming a Secret Service agent and thinks he has finally gotten a promotion when he is assigned to accompany his new partner (John Travolta) and help with his mission. While the mission is unclear at the start, they slowly uncover a terrorist plot that may get them both killed. Also with Kasia Smutniak, Richard Durden and Eric Godon. Directed by Pierre Morel. [1:35]"
From Prada to Nada , 2011 , PG-13 ,5,3,4,"A modern, Latino twist on Jane Austen's classic ""Sense and Sensibility"": two spoiled sisters (Camilla Belle and Alexa Vega) are left penniless after their father dies and they must move in with their aunt in East Los Angeles and make a new life for themselves. Also with Kuno Becker, April Bowlby and Wilmer Valderrama. Directed by Angel Gracia. [1:47]"
From Up on Poppy Hill , 2013 , PG ,2,3,1,"In this Japanese animated feature, when a school's beloved clubhouse is being threatened to make way for the 1964 Tokyo Olympics, a group of students band together to protect it. With the voices of Sarah Bolger, Anton Yelchin, Gillian Anderson, Christina Hendricks, Aubrey Plaza, Jamie Lee Curtis, Bruce Dern, Chris Noth, Beau Bridges, Isabelle Fuhrman and Ron Howard. Directed by Goro Miyazaki. [1:31]"
Frost/Nixon , 2008 , R ,4,4,5,"Fact-based drama about the mid-1970s interview between British broadcaster David Frost (Michael Sheen) and former U.S. President Richard M. Nixon (Frank Langella), who resigned over the Watergate scandal. Over many hours of talking, Frost eventually encourages President Nixon to acknowledge the real motivation behind the circumstances that ended his presidency. It started as a play in London and Broadway. Also with Sam Rockwell, Toby Jones, Matthew MacFadyen, Andy Milder, Kevin Bacon, Oliver Platt, Kate Jennings Grant, Patty McCormack and Rebecca Hall. Directed by Ron Howard. [2:02]"
Frozen , 2013 , PG ,1,3,1,"The Snow Queen (voiced by Idina Menzel) exiles herself because everything she touches turns to ice. Nevertheless, her sister (voiced by Kristen Bell), a mountain man (voiced by Jonathan Groff), a living snowman (voiced by Josh Gad) and a reindeer set out to find the queen and bring her back to the kingdom. They must battle monsters and an evil prince before convincing the queen to return. Also with the voices of Santino Fontana and Alan Tudyk. Directed by Chris Buck and Jennifer Lee. [1:30]"
Frozen River , 2008 , R ,4,4,5,"Desperate to try to make enough money to buy a trailer home for herself and her two sons after their father abandons them, a woman (Melissa Leo) begins helping a young Native American woman (Misty Upham) who smuggles illegal immigrants across the Canadian/U.S. border. Also with Nancy Wu, Michael O'Keefe, Charlie McDermott, Mark Boone and Jay Klaitz. Directed by Courtney Hunt. [1:36]"
Fruitvale Station , 2013 , R ,6,7,10,"Based on the real events of January 1, 2009, when Oscar (Michael B. Jordan) a 22-year-old Bay Area resident was shot by police officers in a subway station. Also with Melonie Diax, Octavia Spencer, Kevin Durand and Chad Michael Murray. Directed by Ryan Coogler. [1:30]"
The Fugitive , 1993 , PG-13 ,2,5,4,"Cinematic version of the classic TV series, with Harrison Ford as Dr. Richard Kimble, the fugitive who's been wrongly sentenced to die for the murder of his wife, and Tommy Lee Jones as Gerard, the relentless lawman who's pursuing him."
Full Frontal , 2002 , R ,7,4,9,"Sort of an unofficial sequel to director Steven Soderbergh's ""sex, lies and videotape,"" it concerns a group of L.A. residents who are linked together through the making of a movie, and by the shared desire of being loved, as well as successful. With Julia Roberts, Blair Underwood, Nicky Katt, Catherine Keener and David Duchovny. [1:46]"
Full of It , 2007 , PG-13 ,6,4,3,"A high school senior moves into a new school and desperate to impress the popular kids, he spins tall tales. And indeed, he discovers that lying can get you much farther in life than being honest, but once his lies become reality, he discovers that there are also consequences that he did not expect. With Ryan Pinkston, Teri Polo, Craig Kilborn, Carmen Electra and Kate Mara. Directed by Christian Charles. [1:33]"
Funny Games , 2007 , R ,5,8,5,"U.S. remake of the eponymous 1997 Austrian film, both directed by Michael Haneke: Two young men (Michael Pitt and Brady Corbet) make the rounds from one home to another on a secluded harbor where the wealthy vacation. At each stop they terrorize the inhabitants and use information they gather to gain entry to the next home. Also with Naomi Watts, Tim Roth and Devon Gearhart. [1:52]"
Funny People , 2009 , R ,9,4,10,"Dark comedy about a famous comedian (Adam Sandler) who is diagnosed with a terminal illness and asks a fledgling comedian (Seth Rogen) to help him with his act. However, in the process, the older man also learns how to lead a more fulfilling life. Also with Leslie Mann, Jonah Hill, Jason Schwartzman, RZA, Sarah Silverman, Norm MacDonald, Andy Dick, Paul Reiser, Ray Romano and Eminem. Directed by Judd Apatow. [2:20]"
Fun Size , 2012 , PG-13 ,4,4,4,"A young woman (Victoria Justice) is given the responsibility of taking care of her younger brother (Jackson Nicoll) on Halloween night and loses him while trick-or-treating. With the help of some old friends and some new friends they find the boy after a wild adventure. Also with Chelsea Handler, Josh Pence, Jane Levy, Thomas Mann and Thomas McDonell. Directed by Josh Schwartz. [1:25]"
Fun with Dick and Jane , 2005 , PG-13 ,3,3,5,"Jim Carrey and Téa Leoni star as Dick and Jane in this remake of the 1977 comedy with George Segal and Jane Fonda: Dick and Jane are happily married and living the American dream, when Dick's company becomes enmeshed in an Enron-like scandal and he becomes the scapegoat. Unemployed and almost destitute, Dick and Jane turn to crime. Also with Alec Baldwin, Richard Jenkins and Angie Harmon. Directed by Dean Parisot. [1:30]"
Furious 7 , 2015 , PG-13 ,4,6,5,"After ending the career of a murderous criminal in the UK, an American racing crew leader and his partner (Vin Diesel and Paul Walker) gather their team for a safe return to the United States. However, the criminal's older brother (Jason Statham) pursues the Americans seeking revenge. Also with Dwayne Johnson, Michelle Rodriguez, Jordana Brewster, Tyrese Gibson, Chris Bridges, Nathalie Emmanuel and Lucas Black. Directed by James Wan. A few lines of dialogue are spoken in Arabic without translation or subtitles. [2:15]"
Furry Vengeance , 2010 , PG ,2,4,1,"A real estate developer (Brendan Fraser) moves his family to the Oregon wilderness and is given the task to develop the woodlands into a new suburb. However, the forest animals have other plans. Also with Brooke Shields, Ken Jeong, Angela Kinsey, Dick Van Dyke, Samantha Bee and Matt Prokop. Directed by Roger Kumble. [1:32]"
Fury , 2014 , R ,4,8,10,"It's 1945 and WWII is coming to an end when, against all odds, a veteran army sergeant (Brad Pitt) commands his 5-man Sherman tank crew behind enemy lines on a deadly mission. Also with Shia LaBeouf, Logan Lerman, Michael Peña and Jon Bernthal. Directed by David Ayer. [2:14]"
The Fury Within , 1998 , PG-13 ,1,4,3,"After a mother and son discover their neighbor's corpse, a poltergeist shows up and attempts to destroy their lives. With Ally Sheedy, Costas Mandylor and Vincent Hanlon. [1:31]"
The Future , 2011 , R ,6,1,5,"After a couple decides to adopt a stray cat their lives become radically different, and their relationship is tested while time and reality do not seem fixed any longer. With Miranda July, Hamish Linklater and David Warshofsky. Directed by Miranda July. [1:31]"
